Id;Avg Distance
XM_040454385.1;0.0
XM_015559613.1;0.0003389591130612245
XM_012517430.1;0.0007185717326530611
XM_045839510.1;0.0010177087500291544
XM_013512005.1;0.0012947738861224488
XM_023702063.1;0.0013772485255393587
XM_013511732.1;0.0015178053841982506
XM_013512006.1;0.0014657536627405252
XM_044753285.1;0.002201799766239067
XM_031446716.1;0.0029188044643731776
XM_014741678.2;0.002927912116618076
XM_028137640.1;0.0027695494896792998
XM_044752188.1;0.003066788236093294
XM_010972031.2;0.003169464796326531
XM_045839560.1;0.0033541593784839644
XM_008590473.1;0.0037693955051311956
XM_045839509.1;0.003933612160991254
XM_031681307.1;0.0038875596590087465
XM_010948973.1;0.0037776944281632647
XM_025049465.1;0.0039388652676967915
XM_014535246.1;0.004636662261049563
XM_029479648.1;0.005304419273411079
XM_017887309.1;0.004815063998425656
XM_009007572.3;0.004968862040466472
XM_036324460.1;0.005026866447580175
XM_028832487.1;0.007504168665481048
XM_045782928.1;0.0067387383690379
XM_045183618.1;0.0053459265328862976
XM_028782074.1;0.007162956743556853
XM_036325206.1;0.00606871437994169
XM_035442315.1;0.007618270406822158
XM_014449717.2;0.00619258742489796
XM_024254631.1;0.006954747336734694
XM_016126843.2;0.008453369377201167
XM_043481935.1;0.006575011110320699
XM_044258693.1;0.008780657296501458
XM_036030157.1;0.008249827969387754
XM_045484271.1;0.008399492741749271
XM_036325207.1;0.007335993520699707
XM_005884853.2;0.008432020558950438
XM_011718804.2;0.008295598566355684
XM_042688265.1;0.009227568073819243
XM_024975543.1;0.00888389852116618
XM_012564923.1;0.009181178080174924
XM_014544142.1;0.008232603827813411
XM_012559317.1;0.009841584511661809
XM_037840276.1;0.009321420155801749
XM_032853288.1;0.010401942750087465
XM_037522807.1;0.010049450385072888
XM_045183605.1;0.00879247513154519
XM_045557338.1;0.013067730806997085
XM_004467802.3;0.011841423950029153
XM_032360389.1;0.010346384115626816
XM_013512001.1;0.012586888526413997
XM_028137641.1;0.011910904056151608
XM_014540011.1;0.011271154550553936
XM_007533443.2;0.011673792831428574
XM_037146309.1;0.013643299025830903
XM_027942535.1;0.011595201567405254
XM_036259230.1;0.011046605785714283
XM_043457577.1;0.011942939975335281
XM_040258573.1;0.012846736049620996
XM_010964980.2;0.010621537660116618
XM_010600939.2;0.012308264117259477
XM_044258698.1;0.012424247332827989
XM_022522130.1;0.012804289266880466
XM_006870329.1;0.0143206408561516
XM_024975455.1;0.015054055060349856
XM_036153361.1;0.015686400610728866
XM_007954148.2;0.013194531971078722
XM_037522806.1;0.014488242181457722
XM_033404646.1;0.014112678314693877
XM_036259561.1;0.013683587505947522
XM_037037748.1;0.015049355081749273
XM_045839498.1;0.013031812811895043
XM_013049243.1;0.016560306318017498
XM_006878302.1;0.017217513440991254
XM_040963932.1;0.016771379817026238
XM_004418317.2;0.014963389601690968
XM_043905691.1;0.015485625801807583
XM_008563041.1;0.017521412282157433
XM_023512841.1;0.015189959405014579
XM_029956378.1;0.016523396576443142
XM_015560198.1;0.017818012765422747
XM_031460187.1;0.01626649980548105
XM_045782926.1;0.01668117661446064
XM_021685638.1;0.014842059822040817
XM_008524220.1;0.017393951432478127
XM_003465340.4;0.01691462848740525
XM_005380098.2;0.018168263667055394
NM_130390.2;0.018067099172594744
XM_031681304.1;0.017572788062973757
XM_035453913.1;0.01979234296058309
XM_045484267.1;0.020454721190437307
XM_029956376.1;0.018801883167113707
XM_028137632.1;0.016830957341690968
XM_032489199.1;0.01814835420956269
XM_015560147.1;0.016879068495102036
XM_028861570.2;0.019668958730262396
XM_039103735.1;0.023339944902915463
XM_031027486.1;0.019222772939475222
XM_033118908.1;0.018433531083673474
XM_028832481.1;0.01873006203725947
XM_006161950.3;0.019239148907521857
XM_027765716.1;0.01958859761638484
XM_007653554.4;0.020564485694577264
XM_026489599.2;0.020263925561107874
XM_005896284.1;0.023165022229037893
XM_023587812.1;0.019778323608396507
XM_042233128.1;0.02001970423696793
XM_045557336.1;0.01960916853148687
XM_008019877.2;0.020471921327580172
XM_044380482.1;0.020291524277551026
XM_044260234.1;0.021451132696967926
XM_018044701.1;0.022612732617959177
XM_040258572.1;0.02328967479131196
XM_004589973.3;0.024090997900174927
XM_010840697.1;0.020971443222157434
XM_006767923.2;0.021468599149387757
XM_044753280.1;0.021184814525072888
XM_012950198.1;0.024499346442040815
XM_013049245.2;0.02350124773731778
XM_010860531.1;0.025652804850145774
XM_011383152.1;0.021643622470612252
XM_007092206.3;0.025165548635451895
XM_023743015.1;0.023230881957842564
XM_032489189.1;0.023221146029504366
XM_033118909.1;0.022430780087230314
XM_008160472.2;0.022915774832711375
XM_036325204.1;0.025639506727755095
XM_040258575.1;0.024273721420524776
XM_032640229.1;0.023410680684373183
XM_036259232.1;0.02374306398163264
XM_020872987.1;0.028852287479708465
XM_016150064.2;0.02537231524682216
XM_024574665.1;0.02330674253790088
XM_036221645.1;0.024126535542740517
XM_027580389.2;0.025750252174227408
XM_004418314.2;0.022097842728688043
XM_044258699.1;0.027096808189562675
XM_020872988.1;0.030154693137142852
XM_037000979.1;0.02562936994530612
XM_036325203.1;0.027112692917142855
XM_036325218.1;0.025313056379650152
XM_008564579.1;0.030313192043323625
XM_045183604.1;0.024836888659766777
XM_042233126.1;0.02885199536518952
XM_027115556.1;0.026810896206297362
XM_036428149.2;0.029566065746005836
XM_016126863.2;0.02816721903667639
XM_013511999.1;0.028479733811545182
XM_045782927.1;0.027800993917201155
XM_015474726.2;0.02819246509067056
XM_013069561.2;0.034796918481166186
XM_037840289.1;0.028061779961457714
XM_019811931.2;0.03104588895970845
XM_035442314.1;0.031334085042565595
XM_045509869.1;0.027919003511078712
XM_014782367.1;0.026910960516909627
XM_030831200.1;0.028663873458483966
XM_036259226.1;0.027889200770787163
XM_045523898.1;0.028078020687463547
XM_037522005.1;0.0331090061194752
XM_025266512.1;0.0291290132257726
XM_006870328.1;0.032612374394052485
XM_023743011.1;0.028773606081690977
XM_027765991.1;0.03193399344676384
XM_017887311.1;0.028362602108513137
XM_015568032.1;0.029868811980408177
XM_044258692.1;0.03149797642618076
XM_034667615.1;0.03088821284151604
XM_032895075.1;0.03348656567918367
XM_036428084.2;0.030441189714169096
XM_019948124.2;0.030909826551545172
XM_045290551.1;0.03627928898472301
XM_024574672.1;0.03035467500466471
XM_042688253.1;0.03714519647346939
XM_029479647.1;0.04592686316723033
XM_012045161.1;0.03139901386023324
XM_037001008.1;0.04038073156915453
XM_013356027.2;0.0358977796109038
XM_019037090.1;0.02998492880058309
XM_036428094.1;0.032814628536501474
XM_006770069.2;0.03635576290553935
XM_034650113.1;0.0361920505845481
XM_032166788.1;0.030725973000466474
XM_023524875.1;0.03473262040489796
XM_030828609.1;0.03433653416798836
XM_028137639.1;0.03925960549434404
XM_036259237.1;0.03499957877510202
XM_016217282.1;0.033414829393586025
XM_005906879.2;0.032892670705772585
XM_021721476.2;0.03819467651743443
XM_042688224.1;0.04177352401883382
XM_005578910.2;0.032532656794285734
XM_032427067.1;0.032496192310379014
XM_023644175.1;0.03559869225586004
XM_023702137.1;0.038767929337842566
XM_036030156.1;0.03343209633527699
XM_039847882.1;0.033594292155743444
XM_017341452.1;0.03846777575848397
XM_033764185.1;0.03763577435317784
XM_016190209.1;0.0483316334497376
XM_037029792.1;0.0376870360594169
XM_029562283.1;0.03806544691626821
XM_042688228.1;0.04203354871387753
XM_012456796.2;0.037298960282623916
XM_023645867.1;0.036499053376384864
XM_037035520.1;0.03536449747749273
XM_037153873.1;0.039505547253061234
XM_016192710.1;0.042922652626297415
XM_008524395.1;0.035132012951778424
XM_032166791.1;0.03728599494647229
XM_012725050.1;0.04188457535131196
XM_004621210.2;0.04459095702180759
XM_023524874.1;0.03964712940396502
XM_044753379.1;0.03589260212588924
XM_018059445.1;0.03980076102746356
XM_008563728.1;0.0459184926283965
XM_045509870.1;0.03928211920093296
XM_036221650.1;0.03610644274023323
XM_014542001.1;0.03774974830676385
XM_036325209.1;0.04205159606973766
XM_020911620.1;0.044917089184139905
XM_010843707.1;0.04549901436845479
XM_036030172.1;0.04298739634857145
XM_038506119.1;0.04273791683125364
XM_024574671.2;0.039566554266530635
XM_040283751.1;0.046213652587055384
XM_043482636.1;0.041711277061924214
XM_023540607.1;0.041207133007988325
XM_037139108.1;0.04711563503346935
XM_006229912.4;0.05030882748612244
XM_016214926.1;0.042519867173585996
XM_026382833.1;0.046689490693819245
XM_036428093.1;0.04247858175469388
XM_037840287.1;0.04242139223807581
XM_033207969.1;0.04234760601335277
XM_010834758.1;0.04538965633854224
XM_036257832.1;0.04319172606145771
XM_024574677.1;0.04178337289696798
XM_036428092.1;0.04558127786174926
XM_033120754.1;0.03957928883451891
XM_036325217.1;0.0421674563618659
XM_023540599.1;0.04927221989434405
XM_027407912.2;0.04708515350314872
XM_042233131.1;0.04540818874688049
XM_014460759.2;0.04757852025125368
XM_004407582.1;0.0408925163645481
XM_025266511.1;0.04381623600979592
XM_044258691.1;0.04496816467387759
XM_008066532.2;0.04539798584810498
XM_036030190.1;0.04656900163895045
XM_037522808.1;0.0496734090928863
XM_025266511.2;0.044209171053352765
XM_010635428.2;0.05500767736892124
XM_025266512.2;0.04408441536151604
XM_019668416.1;0.04627444645142857
XM_036428083.2;0.04520493708478135
XM_008590475.1;0.05254314506122452
XM_017018460.2;0.055210571592128305
XM_012456802.2;0.06995069630069974
XM_023542438.1;0.045089206412186555
XM_023542437.1;0.04749820856145773
XM_045782935.1;0.048226878190962115
XM_026489600.2;0.049416527058483976
XM_013037317.1;0.050486896760583086
XM_034995266.1;0.05082595262565596
XM_025848536.1;0.05394227151527698
XM_032489205.1;0.05266083517778424
XM_032240538.1;0.05246432921527696
XM_010948132.2;0.04971981515160351
NM_033092.4;0.051168924586705515
XM_044753284.1;0.044310435436559804
XM_024346833.1;0.05027781667463555
XM_023702120.1;0.06332943570594751
XM_036927034.1;0.04937311674215749
XM_019668427.1;0.05691440052944606
XM_023509746.1;0.05210820966758021
XM_034506177.1;0.06446078169446064
XM_023512941.1;0.054724518089096265
XM_008525410.1;0.044976764388338156
XM_036030162.1;0.05016782010355684
XM_037522822.1;0.05397931493865891
XM_023702121.1;0.07114329537434393
XM_013064937.2;0.05804349348192426
XM_039223788.1;0.05188840808169096
XM_008709582.2;0.05803046888822156
XM_015435360.1;0.05454647230857145
XM_012456799.2;0.05995911212909628
XM_026489603.2;0.06060243958897952
XM_021685293.1;0.05604538208443145
XM_037522829.1;0.04770133464816322
XM_045523899.1;0.0511712927373178
XM_015477546.1;0.06339612028676388
XM_023238908.1;0.0517551123261808
XM_008066531.2;0.05178768419620992
XM_024788743.1;0.056610128329970845
XM_042233122.1;0.06009390774209912
XM_023540606.1;0.06515404541539355
XM_013512004.1;0.06878602169172013
XM_008709581.2;0.05331798206950437
XM_037522828.1;0.0528710912684548
XM_020911624.1;0.057575827720932914
XM_043905621.1;0.057590965579241954
XM_036259229.1;0.05449016859206996
XM_037000978.1;0.05399839927994172
XM_023540610.1;0.06304768107702625
XM_032360394.1;0.05744668645043733
XM_020911623.1;0.06592698281854231
XM_023542447.1;0.06676821515370261
XM_036076011.1;0.056604504226297335
XM_008563040.1;0.05502415039655976
XM_023540608.1;0.06319045829148688
XM_037522819.1;0.058138079825247824
XM_019668435.1;0.05341100674326531
XM_010603876.1;0.05827341325376093
XM_018059446.1;0.06068907542798833
XM_019668430.1;0.05355383259154519
XM_019668436.1;0.0535421869589504
XM_012517109.2;0.06783689739352765
XM_023540612.1;0.053619173181924225
XM_036259231.1;0.05265768868728865
XM_017018461.2;0.06326640447877553
XM_010964981.1;0.060016610666064174
XM_018044700.1;0.06857268396612246
XM_012935625.1;0.0682746016973761
XM_037522003.1;0.059968652531311915
XM_045183609.1;0.05582963142647233
XM_019668431.1;0.05491974190892123
XM_045839505.1;0.0594829787199417
XM_036076008.1;0.06321995457819236
XM_021196478.2;0.07494265184938777
XM_006053581.2;0.05914380437142855
XM_037037745.1;0.0633321983670554
XM_006770067.2;0.06432412262507288
XM_023542436.1;0.05972588431352766
XM_012786592.2;0.06064611363953352
XM_032853294.1;0.06394390406542273
XM_023702118.1;0.07641556528402334
XM_036428107.1;0.05723906610052479
XM_023743016.1;0.062035923700932985
XM_040235781.1;0.06312483528670554
XM_024788744.1;0.06453222957317782
XM_045782930.1;0.06296034642991255
XM_026489604.2;0.05983880800892132
XM_014533937.1;0.05668341130862976
XM_023540611.1;0.06052495210402342
XM_040236419.1;0.06577318488268219
XM_032360395.1;0.06610067497405245
XM_021196485.2;0.07772822502413994
XM_045782933.1;0.07063945289778419
XM_019668437.1;0.05837179553580176
XM_017312234.3;0.075534087320758
XM_023540609.1;0.06329143882600584
XM_045371404.1;0.06552530135102039
XM_045839506.1;0.06212068554104953
XM_015238519.2;0.05925170989364433
XM_023542439.1;0.05860375783626828
XM_043481936.1;0.06520110012145772
XM_013147641.1;0.08166617648600588
XM_023702119.1;0.0814741381822157
XM_013511731.1;0.07579130242402331
XM_023702122.1;0.08472946077953358
XM_036076010.1;0.08270252231451895
XM_025266513.2;0.062253801232244936
XM_032853293.1;0.06766852990017495
XM_037522831.1;0.05660883778629739
XM_025266513.1;0.06293920681795923
XM_013976927.2;0.0722027590004665
XM_004778999.3;0.06714523150513123
XM_037522818.1;0.06885083917597666
XM_013512002.1;0.08305966858653065
XM_042233125.1;0.06949939211463559
XM_032427069.1;0.06574581857650144
XM_005380093.2;0.08292956512233235
XM_027765715.1;0.0663974639612245
XM_032427068.1;0.0717593935236735
XM_017507272.2;0.0694153085916618
XM_026382607.1;0.07118894687731782
XM_020911621.1;0.0730346746697376
XM_006508369.4;0.09691702598728869
XM_036153217.1;0.08583939555999995
NM_001243916.1;0.09692306246396505
XM_006508364.3;0.07423487157865886
XM_017312407.2;0.1211279129703789
XM_017312233.3;0.07996595529690959
XM_013008432.1;0.0804226698788338
XM_013008433.2;0.0755063771455393
XM_004717095.2;0.07744764217580172
NM_001199573.2;0.06941408982408163
NM_006074.5;0.06963698320204081
NM_021616.6;0.06682978940064145
NM_033093.4;0.0678733261868221
NM_033034.3;0.06706605839755102
XM_017018463.2;0.06013546278040819
XM_011520427.2;0.060634555447871746
XM_017018462.2;0.062427019126064166
NM_058166.5;0.07042601240979589
NM_001198644.2;0.0820042219645481
NM_001003818.3;0.07058725681090376
XM_043481996.1;0.07137508954227405
XM_043481995.1;0.07106178417451896
XM_043481992.1;0.0798366789142857
XM_043481989.1;0.07569816517580169
XM_043481987.1;0.07092244636075805
XM_043481986.1;0.07142633941999997
XM_043482450.1;0.06938027805481049
XM_026401050.1;0.07631162670658898
XM_007102989.2;0.07047832871725947
XM_007102988.2;0.07050711539241987
NM_001276491.1;0.11455429581953358
XM_039106717.1;0.07840933242093304
XM_039078166.1;0.10592452544443148
XM_005906878.2;0.07263513156956267
XM_005906877.1;0.07259859464390674
XM_005906880.1;0.07013130903498545
XM_014478537.1;0.08681452816612237
XM_005910269.2;0.06708475163137026
XM_014478378.1;0.06608086323504368
XM_014839654.2;0.07231221843679303
XM_014839651.2;0.07086047125720116
XM_014839649.2;0.06865995896997089
XM_014839657.2;0.06991725300746351
XM_014839650.2;0.07758061871084548
XM_044753380.1;0.06498958131620991
XM_044753283.1;0.05975450681201168
XM_044753282.1;0.06282272985906703
XM_044753281.1;0.06119217797842566
XM_014839656.2;0.0703756747823907
XM_036175725.1;0.08542187236623904
XM_036175724.1;0.0855515924946939
XM_031027498.1;0.07411952811416912
XM_006732717.2;0.07417241587994171
XM_031027499.1;0.07264412825241982
XM_023563098.1;0.08266641862518943
XM_036075992.1;0.08136149918997085
XM_036075990.1;0.08138528038752185
XM_036075989.1;0.08139045685381922
XM_036075996.1;0.07407075792600588
XM_036075995.1;0.07501186574623905
XM_036075994.1;0.07507164123620995
XM_036076012.1;0.0904914663172593
XM_036076009.1;0.06976739147212825
XM_036076004.1;0.07369151882303211
XM_024255659.1;0.07489707820997085
XM_024254712.1;0.078965419672828
NM_001159808.1;0.07866734716542279
XM_024254357.1;0.07570659127137028
NM_001131070.1;0.07597144672769685
NM_001133690.3;0.07822393244962096
XM_024254633.1;0.07865387316320699
XM_009246709.2;0.07836644052973758
XM_036494363.1;0.08353440548705546
XM_004589972.1;0.08340854015131202
XM_042688243.1;0.09417579920338187
XM_042688234.1;0.0934142891774344
XM_042688287.1;0.08480286061568511
XM_042688279.1;0.0984602020629155
XM_042688108.1;0.10207473240326527
XM_045484278.1;0.07656375688618071
XM_045484277.1;0.07664302205288631
XM_045484276.1;0.07789442816664721
XM_045484275.1;0.07804510567072888
XM_045484274.1;0.07795015477352765
XM_045484272.1;0.15700282420827985
XM_045484270.1;0.07829716992921289
XM_045484268.1;0.09573453710536428
XM_013512000.1;0.09292209479288635
XM_013511998.1;0.0886642404194753
XM_019948125.2;0.07272064397574342
XM_004327721.3;0.07938353810553939
XM_032240541.1;0.08515495549236153
XM_032240532.1;0.08737598759597669
XM_032240530.1;0.08106534452291536
XM_032240537.1;0.08477690693661803
XM_032240534.1;0.09260717792413997
XM_032240533.1;0.08158902734775504
XM_033120757.1;0.08073341522069977
XM_033120756.1;0.08251068072250738
XM_033120755.1;0.07873876147253643
XM_017507270.2;0.08752999825107867
XM_037730956.1;0.09377565632717197
XM_017507273.2;0.08199721067848395
XM_017507271.2;0.08508702685434402
XM_017507263.2;0.08327378698099125
XM_008066529.2;0.081823255008105
XM_008066530.1;0.085252300076035
XM_003923356.2;0.08834391865475225
XM_039470989.1;0.08283776177370275
XM_039470988.1;0.09456332709790088
XM_010334227.2;0.0838523416366764
XM_010334225.2;0.08842090330110787
XM_033207972.1;0.08373084323119534
XM_033207971.1;0.08370714060093291
XM_033207965.1;0.0880388752745773
XM_033207968.1;0.08380550708239064
XM_033207973.1;0.08359391018641397
XM_044919390.1;0.09114011193994169
XM_021685294.1;0.09109951213585998
XM_021685292.1;0.08320636126845483
XM_021685291.1;0.08324728968244903
XM_007092205.3;0.16805902815224483
XM_042959563.1;0.0836184384913119
XM_042959562.1;0.08415415971801754
XM_015542100.2;0.10310527171790083
XM_042959564.1;0.08446678295032077
XM_013979111.2;0.10156935139451892
XM_021062360.1;0.0923844312297376
XM_032360382.1;0.09100624015498557
XM_032360381.1;0.09427801374583088
XM_032360396.1;0.07820292625696805
XM_032360388.1;0.08793912960950437
XM_032360387.1;0.09066559945766772
XM_032360386.1;0.09040317893854229
XM_034932031.1;0.08536902227813402
XM_003819047.2;0.09066256835504373
XM_034932029.1;0.07694643018880463
XM_008972438.3;0.08862188131900867
XM_008972434.3;0.0874036100105539
XM_034932027.1;0.09953859501195331
XM_008972427.2;0.08736956396326519
XM_008972428.2;0.08720734770099114
XM_008019876.2;0.09294527395766748
XM_008019891.2;0.08843818805067065
XM_038005537.1;0.08817914421457733
XM_038005536.1;0.08796275965865896
XM_025049459.1;0.0965882281048396
XM_006915680.1;0.0872708947796502
XM_006915679.1;0.08843812653160359
XM_006915678.1;0.08827374070303208
XM_015592357.2;0.09010825854577265
XM_015592331.2;0.08975433964874631
XM_036927048.1;0.08932105357241986
XM_036927046.1;0.08945577775620994
XM_036927045.1;0.08965811318886305
XM_036927050.1;0.09060144287381916
XM_019975310.1;0.08978551093626823
XM_019975309.1;0.08929399493177848
XM_019975308.1;0.09165768771457734
XM_019975307.1;0.09252846081247816
XM_019975304.1;0.09218357549428559
XM_019975552.1;0.09189183401644326
XM_019975305.1;0.09205816605632659
XM_019966981.1;0.10388643038040808
XM_011383132.2;0.0904071247351604
XM_011383133.1;0.08904318898962098
XM_011383131.1;0.09024028333043722
XM_011383134.2;0.09157370725848402
XM_036259233.1;0.1028688950382508
XM_036259227.1;0.09412332195195328
XM_036259236.1;0.0985682409692712
XM_036259234.1;0.09983731335422752
XM_036258280.1;0.09526194461545193
XM_036253644.1;0.10039170537253649
XM_034995251.1;0.10096799181574334
XM_034995250.1;0.1009913199516617
XM_034995249.1;0.1009964115594751
XM_034995255.1;0.19591214548454802
XM_034995254.1;0.09177883359002899
XM_034995253.1;0.09203517890134118
XM_034995262.1;0.08853625466717203
XM_034995261.1;0.09122025502396514
XM_034995267.1;0.11594918187469382
XM_034995265.1;0.08456158348279882
XM_028782071.1;0.10195922137626816
XM_028782073.1;0.13467658490349846
XM_028782072.1;0.13467208709836728
XM_045183610.1;0.09357354618186597
XM_024574667.2;0.09566136735288622
XM_024574678.2;0.1070504626729446
XM_045183611.1;0.11017171862897952
XM_045183608.1;0.10217018271644326
XM_024574668.2;0.097356490749038
XM_045183607.1;0.09870814473358606
XM_024574661.1;0.10140819702291533
XM_024574660.1;0.1157257366790087
XM_024574659.1;0.11479149354029172
XM_024574658.1;0.11659680092833824
XM_044380476.1;0.10576902111096202
XM_026489591.2;0.10433186352868785
XM_026489601.2;0.09713873673650149
XM_044380480.1;0.09871459319113658
XM_026489594.2;0.094953428342624
XM_007459799.1;0.09568356999358593
XM_007459798.1;0.09564001787965008
XM_045145962.1;0.11748235421247814
XM_012950198.2;0.11662627001743449
XM_045145960.1;0.10943915210851327
XM_012950142.1;0.10942204371667653
XM_032489197.1;0.10192985012728854
XM_032489196.1;0.09649901995609331
XM_032489195.1;0.09626836576443144
XM_032489200.1;0.10030125095224492
XM_032489192.1;0.09021535250064142
XM_032489190.1;0.11543843495498549
XM_032489188.1;0.10198713851667633
XM_032489187.1;0.10004146875586005
XM_032489203.1;0.10209473192705548
XM_032489202.1;0.09003110138139933
XM_045782918.1;0.10804762998093295
XM_045782931.1;0.09997681470553943
XM_045782932.1;0.0784245774416907
XM_045782929.1;0.0995778796476386
XM_045782924.1;0.0977576804276384
XM_045782923.1;0.09753803246688054
XM_028515499.2;0.10287872807696795
XM_028515503.2;0.10122738738513126
XM_036030180.1;0.11683694242798842
XM_036030173.1;0.11537822049172011
XM_028516499.2;0.1157957110789506
XM_036030186.1;0.12121675795813415
XM_036030181.1;0.1217246857788338
XM_036030161.1;0.10367913250110775
XM_036030160.1;0.10583372834180763
XM_036030158.1;0.09421947383183663
XM_016126824.2;0.10315828965725951
XM_036221642.1;0.10319995793906696
XM_016126836.2;0.10055160241381943
XM_036221646.1;0.0940084697818659
XM_036221651.1;0.0940737334900293
XM_026777564.1;0.1159707164390088
XM_026777562.1;0.12153674893113713
XM_008524215.1;0.10106150205865896
XM_008542112.1;0.11822947235084556
XM_008542110.1;0.10129220187953344
XM_008524298.1;0.10248032689976687
XM_008524290.1;0.09858508346402334
XM_008524357.1;0.09455796976909617
XM_008524347.1;0.10580227836029145
XM_008524338.1;0.10529203943959164
XM_037146300.1;0.10744856270967934
XM_037146308.1;0.11856467694641389
XM_037146307.1;0.11976910081259487
XM_037146306.1;0.12036863121177833
XM_037139107.1;0.13043394003107872
XM_037146301.1;0.10692865736897955
XM_037146310.1;0.09568249553446068
XM_039847890.1;0.1046917151397668
XM_039847889.1;0.10447034668921289
XM_039847887.1;0.1125459436689796
XM_039847886.1;0.11546768173102037
XM_039847888.1;0.10127250051440245
XM_035265600.1;0.10209103434040813
XM_035265599.1;0.10402469628518933
XM_035265598.1;0.1052946281872304
XM_035265602.1;0.11469135455177841
XM_035265595.1;0.12043268500973757
XM_035265594.1;0.10721263264285709
XM_031652735.1;0.11252495295790087
NM_001168862.1;0.11239085580862966
XM_009186764.3;0.10684981365107879
NM_001169054.1;0.10660606707008756
XM_021925298.2;0.11215415555002912
NM_001112632.1;0.11202321574320699
XM_021925328.2;0.1080072024855976
XM_009186760.4;0.10819289290157431
NM_001169053.1;0.10801096137638504
XM_031460190.1;0.11027500927346932
XM_031460186.1;0.10588183943860055
XM_031460185.1;0.10561028483562673
XM_031460181.1;0.12738631192810493
XM_025355632.1;0.10814375716997093
XM_025355629.1;0.11420961751218661
XM_025355628.1;0.11455620127976678
XM_025355627.1;0.10853644538075806
XM_025355626.1;0.10917286945032088
XM_025355625.1;0.10966316734758019
XM_025355631.1;0.1180083987130028
XM_025355630.1;0.11483258499819236
XM_042907247.1;0.10864233641230331
XM_042907246.1;0.2196911450233236
XM_042907245.1;0.10882545810169092
XM_042907244.1;0.10901190419218658
XM_042907243.1;0.13756811342262384
XM_043905741.1;0.11165189392921285
XM_043905731.1;0.11097020151842572
XM_043905700.1;0.12430438641020415
XM_043905684.1;0.11867414688548082
XM_043905676.1;0.11309624226985424
XM_043905674.1;0.11386902002892134
XM_043905613.1;0.1208858477628571
XM_043905631.1;0.1162766827128861
XM_020894774.1;0.11682113293685129
XM_020894766.1;0.11263450529860045
XM_020894765.1;0.11333439340897947
XM_020911619.1;0.12138531350239078
XM_020911625.1;0.123974684029796
XM_020870714.1;0.11281382593481046
XM_020870713.1;0.11912244494827992
XM_008160441.2;0.11294025517854242
XM_028137625.1;0.12912994840303185
XM_008160443.2;0.12907921018880458
XM_028137638.1;0.11870488137848402
XM_028137633.1;0.11913926185877546
XM_008160437.2;0.11885832488944609
XM_008160439.2;0.11647397327475202
XM_005860818.2;0.11341578756192425
XM_005860820.1;0.1129876256974343
XM_014533938.1;0.10977952937236157
XM_005867291.2;0.11306742363568519
XM_019811931.1;0.13612802324005815
XM_019811165.3;0.22828586908758053
XM_023238907.2;0.22293175605580157
XM_045038025.1;0.21344859555498563
XM_045038024.1;0.11525084611539353
XM_006937032.4;0.14487342260180755
XM_045038022.1;0.14384748885230303
XM_019811165.2;0.22923397704804657
XM_023238907.1;0.22377534426209886
XM_006937032.3;0.14441959167090382
XM_045038831.1;0.11603736195568526
XM_045038829.1;0.11611469398186573
XM_003992869.4;0.1158848957046645
XM_019668448.1;0.11358040216163269
XM_019668447.1;0.11324673038921276
XM_019668446.1;0.11317669631206996
XM_019668425.1;0.12744579486274055
XM_019668426.1;0.13011820826314882
XM_019668429.1;0.14381759455906712
XM_019668445.1;0.11606251206612238
XM_012045170.1;0.11850365738349851
NM_001305965.1;0.1252102448595919
NM_001305964.1;0.12537226176058303
XM_012045174.1;0.12544057530291539
XM_012045162.1;0.11852863197265316
XM_032166789.1;0.11783903193072877
XM_032166787.1;0.1248318391457725
XM_032166786.1;0.12417110848052469
XM_032166803.2;0.14348791457935853
XM_032166802.2;0.12637524134513117
XM_032166804.1;0.1286362302625656
XM_032166794.1;0.1349524688594752
XM_032166792.1;0.11933595287510211
XM_032166790.1;0.1202644650291545
XM_005611917.3;0.11489651964594756
XM_005612111.3;0.12925153981160367
XM_023644173.1;0.11819163436198259
XM_023645870.1;0.12430075161341106
XM_023645869.1;0.12398607583650147
XM_023645868.1;0.12421094831405254
XM_023645863.1;0.11218970021142859
XM_023645862.1;0.12123007644728861
XM_014741677.2;0.10959483843096204
XM_011718798.1;0.1281303751432069
XM_024788742.1;0.1255664479114287
XM_011718808.2;0.12196748078151627
XM_011718807.2;0.12214561989830929
XM_011718805.2;0.12276637119516029
XM_013035606.1;0.133399544335102
XM_013035605.1;0.15034082179510214
XM_013035601.1;0.15651289813148678
XM_013035600.1;0.15835585285772605
XM_013035603.1;0.1553313902487463
XM_013035602.1;0.1545359544916037
XM_017887312.1;0.12369195918326532
XM_017887308.1;0.13170157466670565
XM_017887314.1;0.13778046111451867
XM_017887313.1;0.12313969629743424
XM_040284863.1;0.1362107690839065
XM_005689802.3;0.12943002148454819
XM_005689803.3;0.12505683117842564
XM_005689800.3;0.13183638162000003
XM_018059444.1;0.1364230500468805
XM_018044699.1;0.1376320395288628
XM_023540601.1;0.12581686542909612
XM_023540600.1;0.11769134592670553
XM_023540598.1;0.135249318538717
XM_023540597.1;0.12824328068717192
XM_023540596.1;0.13007195260151586
XM_010602444.2;0.13524367844734692
XM_033404648.1;0.11198112983930032
XM_004279261.3;0.12440007862163253
XM_034506169.1;0.16538283722991265
XM_034506191.1;0.1396725210988921
XM_034506227.1;0.16779860129411067
XM_034506218.1;0.16779225538349846
XM_045578058.1;0.13377718565166177
XM_036428088.2;0.13167671696367347
XM_036428087.2;0.13335401455067047
XM_036428086.2;0.131848480443965
XM_036428111.2;0.12905359662565588
XM_045577693.1;0.15099768658198243
XM_036428108.2;0.15087829449965018
XM_045578065.1;0.12922083038460638
XM_045578064.1;0.13562742930851304
XM_045578063.1;0.14190226683720114
XM_036428102.2;0.14159120101241976
XM_045578062.1;0.14316644602670545
XM_045578061.1;0.14227492372373182
XM_045578060.1;0.14533141145679304
XM_036428099.2;0.13953555368384826
XM_045578059.1;0.14198438786542258
XM_036428096.2;0.14197932333714275
XM_025928679.1;0.12766837440186615
XM_025928678.1;0.12793374297352775
XM_025927910.1;0.1530910765711953
XM_025927911.1;0.2569611900254226
XM_025928677.1;0.1313875530369096
XM_025928676.1;0.12940088795941687
XM_038430319.1;0.14871207540699707
XM_038633021.1;0.14823012420927104
XM_038568855.1;0.14801552249306144
XM_542402.8;0.14839249314017475
XM_025459250.2;0.14893093822658884
NM_001205191.1;0.13631995995107876
NM_001205190.3;0.1325539101383675
XM_038429413.1;0.13243530749078739
XM_025459243.2;0.1331299733349854
XM_025459242.2;0.13320853245883382
XM_025459249.2;0.13046059713247826
XM_025459248.2;0.1382246400164431
XM_025459247.2;0.1378667055595335
XM_029956375.1;0.1353573424685714
XM_029956377.1;0.13559849633615154
XM_029956379.1;0.26023341316373155
XM_023702136.1;0.16714885238967953
XM_012517106.2;0.16690372440046633
XM_023702125.1;0.1552658554634404
XM_031387708.1;0.14614968068069975
XM_031387711.1;0.18072076842740561
XM_031387710.1;0.18071169807854262
XM_044929441.1;0.12787542515842568
XM_025266525.2;0.1269874722886881
XM_025266523.2;0.13173115812209926
XM_025266521.2;0.13468375467749266
XM_025266525.1;0.12739143599043729
XM_025266524.1;0.13290464582198247
XM_025266523.1;0.1319381171282217
XM_025266522.1;0.1356940195289796
XM_025266521.1;0.13483818830950436
XM_044929440.1;0.14854509643206998
XM_025266518.2;0.13954616196670558
XM_025266517.2;0.1415368751272304
XM_025266518.1;0.13914968331218658
XM_025266517.1;0.14119546902448976
XM_006053578.3;0.14537658830956268
XM_006053578.2;0.14602593551795923
XM_044929442.2;0.14339377319422733
XM_006053580.4;0.14400772454845465
XM_006053580.2;0.1409428917767347
XM_025266514.1;0.15331681775195335
XM_012530180.2;0.15654773499941735
XM_012530179.2;0.12873573787329431
XM_012530178.2;0.13920284570618083
XM_023592578.1;0.15058265228454817
XM_023582612.1;0.11820882122151596
XM_011971975.1;0.1370934861748106
XM_011971980.1;0.14619770387282766
XM_011971979.1;0.14662499069597668
XM_011971977.1;0.13524583636017493
XM_011971976.1;0.13611530360309032
XM_011971974.1;0.14749838026734685
XM_029209484.1;0.1350918343566764
XM_041667154.1;0.16501237951032074
XM_019438043.1;0.1348275703582508
XM_019438042.1;0.13499600038629736
XM_019438041.1;0.13623668889306145
XM_019438040.1;0.13654384439994177
XM_019438037.1;0.27544571005854207
XM_019438036.1;0.13819496153784247
XM_019438035.1;0.17586308366256542
XM_019438034.1;0.1745708451953933
XM_013065033.2;0.19905534400169145
XM_021243264.1;0.15223308473801728
XM_023209621.3;0.14010922255084537
XM_023209627.1;0.15071942467790103
XM_023209619.2;0.14002617073166193
XM_023209625.2;0.14390338355381924
XM_012725239.1;0.15173958138973762
XM_012725241.1;0.14345061292198266
XM_004683127.2;0.15329661575376088
XM_004683126.1;0.15364085591574353
XM_012725051.1;0.16833812776711404
XM_045071525.1;0.14492471892279873
XM_004778998.3;0.14943628337918363
XM_013049242.2;0.14880824791673455
XM_045071327.1;0.15485348672338212
XM_004778994.3;0.15928525352845482
XM_004778994.2;0.15940219218017485
XM_004779006.3;0.15794746775276952
XM_004779003.3;0.1463547013357434
XM_004779000.3;0.14648202769154497
XM_045071526.1;0.18079008814110814
XM_025894367.1;0.14005408399970862
XM_025894366.1;0.14019429986344012
XM_025866149.1;0.16002238417924164
XM_025866148.1;0.16005053050180726
XM_025848535.1;0.14205726837568527
XM_045557339.1;0.14210712340291534
XM_028116066.1;0.15991407594915455
XM_028115963.1;0.1415655892559186
XM_028115962.1;0.1417053136029739
XM_028116067.1;0.1424636166222157
XM_043580483.1;0.14114201336711374
XM_043580484.1;0.28491517072827977
XM_043580482.1;0.14427267830530627
XM_037000982.1;0.14541811877766764
XM_037000981.1;0.1456504654430321
XM_037000983.1;0.14922595723411075
XM_011963588.1;0.15464467844227414
XM_011963587.1;0.1551653502740526
XM_011963592.1;0.1466924529080469
XM_011963594.1;0.15827453152804663
XM_011963593.1;0.15441716923731785
XM_011963591.1;0.14472879162997085
XM_011963589.1;0.1458858867441982
XM_032853290.1;0.1565730948504958
XM_032853289.1;0.1608595285472887
XM_032853287.1;0.16098189195416907
XM_032853285.1;0.1495095401344604
XM_032853284.1;0.14983670846472302
XM_032853283.1;0.14887805795078712
XM_032853279.1;0.1570148826945772
XM_032853278.1;0.1469879706100875
XM_032853277.1;0.15176640685632645
XM_032853276.1;0.15115541160052484
XM_030831201.1;0.12993730545358612
XM_030831199.1;0.1453629934053061
XM_008709583.2;0.13934247874145825
XM_016192709.1;0.15919309034944643
XM_006885650.1;0.1661152573067639
XM_045839497.1;0.18005006014507285
XM_045839494.1;0.14063615647626818
XM_045839493.1;0.13960149046035
XM_045839503.1;0.15394828566069968
XM_045839501.1;0.1505297769689214
XM_045839500.1;0.1515698290356853
XM_045839499.1;0.152030473134169
XM_045839496.1;0.17155001172279882
XM_027115557.1;0.13084038873212847
XM_027115555.1;0.14718378179615144
XM_012935626.1;0.1629803013282799
XM_016919739.2;0.14892799557061215
NM_001205177.1;0.14908706763102034
XM_009459772.3;0.1594237476834402
XM_016919895.2;0.1461849844586006
NM_001205176.2;0.1492078137675799
XM_009459768.3;0.1661709393341106
XM_009459764.3;0.14950627618215723
XM_016919738.2;0.14978165855405226
XM_015477548.1;0.16128424471107863
XM_015477547.1;0.17826948647370275
XM_015477545.1;0.17843522623510213
XM_015477552.1;0.1588786630119533
XM_015477551.1;0.17485180598629738
XM_015477550.1;0.1778757984739939
XM_029475503.1;0.3013250764704374
XM_027052643.1;0.1823793874299124
XM_027052642.1;0.1480326062962685
XM_015075330.2;0.3008360375900287
XM_027052641.1;0.2951556400140521
XM_015075329.2;0.15266533067230328
XM_027052640.1;0.19390018346011664
XM_040757307.1;0.16745146416460635
XM_040757321.1;0.18437879361224496
XM_042281137.1;0.18053156827690972
XM_006979023.3;0.16521746454577255
XM_032427057.1;0.17268370567760938
XM_032427056.1;0.1710337043682799
XM_032427054.1;0.17106230397912536
XM_032427059.1;0.15154718929690955
XM_032427058.1;0.1541703654058893
XM_032427065.1;0.15667641593708456
XM_032427064.1;0.1518920894634986
XM_038325506.1;0.18059151945562685
XM_038325502.1;0.17354891377358617
XM_038325512.2;0.18549665348320707
XM_022563247.2;0.1514599364174926
XM_010812612.3;0.16034080718408186
XM_024975454.1;0.16143853713935863
XM_005216136.4;0.1561306228611082
NM_001205189.1;0.15498562093055393
NM_001205305.1;0.16950694703638475
NM_001034798.1;0.16830568870227391
XM_002693205.5;0.16823541104040804
XM_024996973.1;0.1902886709719531
XM_010364545.2;0.1691512974382507
XM_010364549.2;0.16383324154443132
XM_030918050.1;0.17162204309183648
XM_010364543.2;0.15477896013626824
XM_012456798.2;0.1708566834872305
XM_012456806.2;0.15710365975014595
XM_012456805.2;0.16221086791166164
XM_012456803.2;0.16198877689294444
XM_012443768.1;0.17716761003720108
XM_037196686.1;0.17946700714927138
XM_028861569.2;0.16834543407317804
XM_005578910.3;0.159153196390379
XM_005578911.2;0.15949324380338198
XM_005578898.3;0.1693766099958599
XM_015435373.1;0.16921699583661806
XM_045371405.1;0.1811056825651313
XM_045371403.1;0.17000448648775493
NM_001283295.1;0.17089476447498547
XM_045371396.1;0.17556846094373205
XM_005578908.3;0.15808476316577252
XM_005578907.3;0.15830666140711389
XM_005578907.2;0.1580336192086878
XM_015435375.1;0.1580833060949269
XM_015435374.1;0.1585301542693292
XM_005578908.2;0.15786261057620984
XM_012502104.2;0.1704798209817494
NM_001280099.1;0.1701274255202334
XM_003254844.4;0.15965412662017495
XM_003254840.3;0.17664673675906728
XM_012505159.2;0.15855071908408172
XM_003254838.3;0.15991426400378983
XM_003254839.3;0.15972313050507284
XM_030828611.1;0.20204107726787157
XM_030828610.1;0.18146665981014565
NM_001280113.1;0.17809007329020418
XM_008590474.1;0.15542207862536447
XM_008593509.1;0.15697934130758023
XM_029562286.1;0.16197898265014576
XM_029562285.1;0.1734275177232654
XM_029562291.1;0.1995962455335279
XM_029562290.1;0.1995775291008748
XM_010860452.1;0.16575639845924206
XM_010860442.1;0.1770275343993003
XM_010860418.1;0.1764660245977842
XM_010844648.1;0.1856209360979592
XM_031681302.1;0.1631353157281049
XM_031681301.1;0.16252133059090354
XM_031681305.1;0.16679462726868835
XM_030330820.1;0.15946964067947508
XM_030330821.2;0.3228946111839655
XM_030330818.1;0.16439293274629757
XM_022522129.1;0.18024018398279884
XM_022522133.1;0.16414243781037882
XM_022522132.1;0.16883420417632666
XM_015115035.2;0.1744998673075215
NM_001205182.3;0.16477749757259497
XM_028832486.1;0.1651582286331197
XM_015115025.2;0.1654213281971431
NM_001032910.1;0.17744329435224498
XM_028832480.1;0.16104447877941716
XM_042233136.1;0.1692585785065306
XM_012095908.3;0.16946961254530596
XM_042233135.1;0.1723910713672884
XM_012095907.3;0.17259270182723033
XM_004016233.5;0.16244457054880473
NM_001318072.1;0.18609486507696787
XM_042233133.1;0.16508622462198266
XM_042233132.1;0.1980045187644897
XM_042233130.1;0.1952886672993003
XM_042233129.1;0.17712435406944613
XM_042233124.1;0.18178320932734682
XM_042233123.1;0.17982167122658888
XM_042233127.1;0.18482864414857134
XM_027942600.1;0.1739666456348688
XM_027942598.1;0.19329283469656003
XM_027942596.1;0.192176096486356
XM_027942536.2;0.16972473345311945
XM_027942740.1;0.17510873567358595
XM_027942739.1;0.19328086752104948
XM_027942737.1;0.19206826955790055
XM_023512819.1;0.17070266175037885
XM_023512903.1;0.16585259475994177
XM_023512881.1;0.1677485630303207
XM_037840288.1;0.18707450993690938
XM_037840286.1;0.16735687741545202
XM_037840285.1;0.18611733616460638
XM_037522817.1;0.19533759329032074
XM_037522812.1;0.20060894765772594
XM_037522811.1;0.19910987695533516
XM_037522810.1;0.19808420862985426
XM_037522809.1;0.1998157287409323
XM_037522830.1;0.15773684852897993
XM_037522826.1;0.1765734753915452
XM_037522825.1;0.19538779343877513
XM_037522824.1;0.19777704589906658
XM_037522823.1;0.1744633413468804
XM_037522004.1;0.19242174566454764
XM_004389079.2;0.16470585357271134
XM_004389076.2;0.16487808486874606
XM_023743012.1;0.17196537816239046
XM_023743019.1;0.163234441051545
XM_012559289.2;0.1622373615392423
XM_040963935.1;0.21263298558297364
XM_040963933.1;0.21204579925107905
XM_040963938.1;0.17659124217795932
XM_040963937.1;0.1764024988566178
XM_025988426.1;0.18477347717043732
XM_025988421.1;0.16343833399935875
XM_025988420.1;0.16328231656029135
XM_025988418.1;0.17103900717527695
XM_012654429.1;0.17148618093481016
XM_012654430.1;0.16270741844536446
XM_004407567.2;0.15970913094437322
XM_012564921.1;0.14285965679294504
XM_036325208.1;0.16011392002046668
XM_036325211.1;0.19313847093189535
XM_036325210.1;0.191398020850962
XM_036325215.1;0.17762884929084566
XM_036325214.1;0.18165967032618066
XM_036325205.1;0.16791966321306126
XM_027580394.2;0.2399971115460616
XM_027580393.2;0.17367490480717174
XM_027580392.2;0.15870949482384852
XM_027580391.2;0.15887624548244897
XM_035722823.1;0.18314638492361496
XM_035722655.1;0.16303043481690968
XM_034666465.1;0.16277316732472308
XM_034666464.1;0.16242122756454844
XM_034666463.1;0.16361617740402346
XM_034666462.1;0.16377258417941687
XM_037037749.1;0.16641550362775503
XM_037051564.1;0.19104043608443189
XM_037051563.1;0.19473781767049547
XM_037051561.1;0.2011965413263555
XM_037051560.1;0.20078191258629702
XM_037051559.1;0.20035043257883375
XM_037035521.1;0.16529161247766752
XM_037035516.1;0.16386330585405257
XM_037051569.1;0.19383179028419806
XM_037037747.1;0.17057711256052493
XM_039223771.1;0.16440514693510197
XM_039223770.1;0.1641978695274635
XM_039223772.1;0.16988420893574332
XM_014593298.2;0.16415162583825058
XM_006162531.3;0.17073089008932935
XM_006162530.3;0.17425949184775527
XM_004418313.2;0.15863487249609307
XM_014779710.1;0.15838674096064154
XM_014782355.1;0.20220073942676367
XM_014782379.1;0.1745529770737028
XM_014782392.1;0.15762229645906697
XM_040258579.1;0.16285874652950433
XM_040236418.1;0.1752527430726531
XM_040258577.1;0.17151212529900867
XM_040258576.1;0.18012273043603488
XM_020165121.1;0.17233679831673462
XM_020165122.1;0.1690604621718947
XM_021196470.2;0.220571334399417
XM_029540886.1;0.18322773345376064
XM_021196514.2;0.19890380979276975
XM_045509872.1;0.16631187898758046
XM_010964983.1;0.1792281466397084
XM_045509868.1;0.1733464387601167
XM_045509867.1;0.16291156792688055
XM_045509866.1;0.1622977632031484
XM_010945975.1;0.16062263460198273
XM_045509877.1;0.19163934117819287
XM_010948973.2;0.21711537909346976
XM_010948132.1;0.15233596296530616
XM_040461387.1;0.15856774658944608
XM_040461386.1;0.158735225001283
XM_040461388.1;0.19663285438180744
XM_040461385.1;0.32235442995691
XM_040461384.1;0.31659846979521805
XM_040461383.1;0.16357787295241982
XM_040461381.1;0.20874743583924185
XM_024757038.1;0.16028010176361518
XM_036861628.1;0.15976139234769673
XM_036861627.1;0.15955711044758014
XM_015560110.1;0.21597481633463608
XM_015560087.1;0.1605298710400585
XM_006752599.2;0.16909459205690974
XM_006752605.2;0.18449739038577243
XM_015566677.1;0.18123636403422777
XM_006767924.2;0.18390897208862972
XM_012786601.1;0.17282313024641374
XM_012786593.2;0.16794796960408154
NM_001309943.1;0.17786533019848416
XM_020286593.1;0.16968366546314848
XM_008258591.2;0.17127237618005858
XM_017341501.1;0.17108235438827984
XM_008258588.2;0.19479829799667614
NM_001171472.1;0.16779371879352772
XM_023758768.1;0.1779154188297377
XM_023758764.1;0.21553203864110831
XM_006094557.3;0.1649826823524781
XM_006094555.2;0.16006540296752195
XM_023758783.1;0.19060250039918375
XM_023748413.1;0.1845712286828569
XM_023758769.1;0.1791372608650729
XM_006094560.3;0.17914780590571414
XM_014449721.2;0.18826645525702607
XM_016215033.1;0.17612047597113692
XM_016215032.1;0.16146332168781374
XM_016214982.1;0.1962744394379007
XM_016214980.1;0.19677478459883363
XM_016215034.1;0.17140826820985416
XM_016217283.1;0.17906722531720096
XM_016214979.1;0.18820324263790092
XM_007172865.2;0.15982555369306128
XM_007172866.1;0.16045433330979586
XM_010635407.2;0.18247963471772555
XM_010635400.3;0.1825163718276968
XM_010635389.3;0.1820201209832071
XM_035442316.1;0.23544488533265287
XM_027407920.2;0.1948563589770841
XM_027407914.2;0.18217085739591832
XM_027407916.2;0.1756115389721863
XM_035459958.1;0.19943986744215733
XM_041730642.1;0.18653214632139933
XM_041730641.1;0.18498293879306113
XM_041730497.1;0.1629196574369096
XM_041730495.1;0.16307657290839667
XM_041730493.1;0.16089902480157417
XM_041730491.1;0.17237939532658914
XM_031007637.1;0.17461316764134105
XM_019035664.2;0.17842925013049532
XM_019035663.2;0.17594911071935868
NM_001279549.1;0.17671225318495634
XM_004050556.2;0.15996835819539362
XM_019037089.1;0.17792737385107874
XM_044258697.1;0.16746472233755114
XM_044258696.1;0.16671932648938792
XM_044258690.1;0.1706579521158603
XM_006508368.3;0.19181956256670518
NM_001357679.1;0.19181956256670518
NM_030684.3;0.19181956256670518
XM_006508366.4;0.18098651780000008
XM_006508365.4;0.18098651780000008
NM_001013616.2;0.18098651780000008
NM_001310602.1;0.2280166073731778
XM_013008433.1;0.1908674594323613
XM_004717095.1;0.20629873605766746
NM_001003827.1;0.1631193059446646
XM_005253184.3;0.1780242601636148
XM_005253183.3;0.17539827310093278
XM_006718358.3;0.15086085357842563
XM_011520426.3;0.19731401057090361
NM_001198645.2;0.17889502396081633
XM_043481994.1;0.16251607222489797
XM_043481993.1;0.16251607222489797
XM_043481990.1;0.18318555888973748
XM_043481988.1;0.17665522256017463
XM_043481985.1;0.17020440606804652
XM_043481984.1;0.17020440606804652
XM_043481983.1;0.17020440606804652
XM_043481982.1;0.17020440606804652
NM_001170461.1;0.18033966299854248
NM_001014023.1;0.21933907490752194
XM_044753279.1;0.1707799084337609
XM_044753278.1;0.1707799084337609
XM_044753381.1;0.17135941374454847
XM_014839644.2;0.15818936453352772
XM_014839642.2;0.17017080922349856
XM_014839643.2;0.17017080922349856
XM_044753378.1;0.17017080922349856
XM_044753377.1;0.17017080922349856
XM_044753376.1;0.17017080922349856
XM_044753374.1;0.17017080922349856
XM_014839634.2;0.17017080922349856
XM_044753373.1;0.17017080922349856
XM_014839655.2;0.15979060815638518
XM_036175723.1;0.19588341561411052
XM_036075991.1;0.1823904734508454
XM_036075993.1;0.15826257106909644
XM_036076007.1;0.19453802909218648
XM_036076006.1;0.19453802909218648
XM_036076003.1;0.16113660235749283
XM_036076002.1;0.16113660235749283
XM_036076001.1;0.16113660235749283
XM_036076000.1;0.16113660235749283
XM_036075999.1;0.16113660235749283
XM_036075998.1;0.16113660235749283
XM_036075997.1;0.16113660235749283
XM_009246711.2;0.16323080678448973
XM_009246710.2;0.16323080678448973
XM_024254356.1;0.1757733105971429
XM_045484273.1;0.15828904870326477
XM_045484269.1;0.16265630079521873
XM_045484265.1;0.20637101210781342
XM_005380097.2;0.196592276405306
XM_013511997.1;0.1827880814932361
XM_013511995.1;0.1827880814932361
XM_013511994.1;0.1827880814932361
XM_005380095.2;0.1827880814932361
XM_032240540.1;0.17754724666758004
XM_032240539.1;0.17754724666758004
XM_032240531.1;0.175465919345831
XM_032240529.1;0.16621730063976656
XM_032240528.1;0.16621730063976656
XM_032240536.1;0.18434191463148675
XM_017507269.2;0.1793754299070555
XM_017507268.1;0.1793754299070555
XM_017507262.2;0.16732328068425673
XM_017507264.1;0.16732328068425673
XM_021716828.1;0.17893939352040822
XM_010334224.1;0.1785446397469391
XM_010334223.1;0.1785446397469391
XM_033207966.1;0.17489500409679293
XM_021062359.1;0.19675163904647247
XM_005667079.3;0.19675163904647247
XM_013979110.2;0.19675163904647247
XM_032360393.1;0.18917453466833795
XM_032360392.1;0.18917453466833795
XM_032360385.1;0.17367383399690944
XM_032360384.1;0.17367383399690944
XM_032360383.1;0.17367383399690944
XM_034932030.1;0.16366115539731763
XM_034932028.1;0.17728632563422692
XM_016919894.1;0.17728632563422692
XM_016919893.1;0.17728632563422692
XM_008972436.3;0.1748224150502625
XM_003819046.4;0.1748224150502625
XM_008972435.3;0.1748224150502625
XM_016919891.2;0.1748224150502625
XM_016919890.2;0.1748224150502625
XM_016919889.2;0.1748224150502625
XM_016919888.2;0.1748224150502625
NM_001012650.1;0.1748224150502625
XM_008972429.3;0.17833961155171998
XM_008019875.2;0.17630182683813392
XM_008019878.2;0.17683088292985427
XM_025049458.1;0.18281480069352748
XM_006915676.3;0.18281480069352748
XM_006915675.3;0.18281480069352748
XM_036927049.1;0.16787026020332332
XM_036927033.1;0.1817529836780758
XM_019975306.1;0.16999362921644307
XM_019975303.1;0.17681507677731778
XM_019975551.1;0.1759925738636152
XM_036259228.1;0.18755375488851284
XM_036257831.1;0.18575559976314848
XM_036257830.1;0.18575559976314848
XM_034995252.1;0.15904460396285708
XM_034995260.1;0.16074681430396512
XM_034995259.1;0.16074681430396512
XM_034995258.1;0.16074681430396512
XM_034995257.1;0.16074681430396512
XM_034995256.1;0.16074681430396512
XM_034995263.1;0.14268359737463596
XM_028782070.1;0.1766291447029156
XM_024574667.1;0.16776051661731767
XM_024574678.1;0.18712172741498545
XM_024574666.2;0.18618599544425654
XM_024574666.1;0.18618599544425654
XM_024574671.1;0.1800112548148691
XM_024574668.1;0.17612004013067062
XM_045183606.1;0.1792113723238484
XM_045782919.1;0.18253518178262407
XM_026489590.2;0.1803905715045479
XM_008709572.2;0.1803905715045479
XM_044380479.1;0.17520673924151553
XM_044380478.1;0.17520673924151553
XM_026489602.2;0.17520673924151553
XM_044380477.1;0.17520673924151553
XM_044380481.1;0.16179154037381946
XM_026489592.2;0.16179154037381946
XM_031460189.1;0.1691855069938776
XM_006185660.3;0.16255604453393557
XM_032489194.1;0.16255604453393557
XM_032489193.1;0.16255604453393557
XM_014560107.2;0.16255604453393557
XM_010964982.2;0.18253869491451882
XM_010964982.1;0.18253869491451882
XM_032489201.1;0.1516268111023322
XM_045782917.1;0.1807262285791835
XM_045782916.1;0.1807262285791835
XM_045782922.1;0.16131517499597667
XM_045782921.1;0.16131517499597667
XM_045782920.1;0.16131517499597667
XM_036030179.1;0.19197064679819256
XM_036030178.1;0.19197064679819256
XM_036030177.1;0.19197064679819256
XM_036030175.1;0.19197064679819256
XM_036030174.1;0.19197064679819256
XM_036030185.1;0.19865045261323597
XM_036030184.1;0.19865045261323597
XM_036030183.1;0.19865045261323597
XM_036030182.1;0.19865045261323597
XM_028516503.2;0.19865045261323597
XM_036030159.1;0.17944377856058316
XM_036030155.1;0.17235873225819262
XM_036030154.1;0.17235873225819262
XM_036030153.1;0.17235873225819262
XM_036030152.1;0.17235873225819262
XM_036030189.1;0.18931260208000006
XM_028517106.2;0.18931260208000006
XM_036030188.1;0.18931260208000006
XM_036030187.1;0.18931260208000006
XM_036221644.1;0.1719199718429735
XM_036221643.1;0.1719199718429735
XM_036221649.1;0.1688369273297958
XM_036221648.1;0.1688369273297958
XM_008524208.1;0.1586178807989509
XM_008524200.1;0.1586178807989509
XM_008524387.1;0.16874174536483943
XM_008524378.1;0.16874174536483943
XM_008524369.1;0.16874174536483943
XM_008542109.1;0.1688648057718947
XM_008542108.1;0.1688648057718947
XM_008542107.1;0.1688648057718947
XM_008542106.1;0.1688648057718947
XM_008542105.1;0.1688648057718947
XM_008542104.1;0.1688648057718947
XM_008542103.1;0.1688648057718947
XM_014741762.2;0.1688648057718947
XM_023645888.1;0.1688648057718947
XM_023645887.1;0.1688648057718947
XM_023645886.1;0.1688648057718947
XM_023645885.1;0.1688648057718947
XM_023645883.1;0.1688648057718947
XM_023645882.1;0.1688648057718947
XM_005612109.3;0.1688648057718947
XM_023645881.1;0.1688648057718947
XM_023645880.1;0.1688648057718947
XM_023645879.1;0.1688648057718947
XM_023645878.1;0.1688648057718947
XM_023645877.1;0.1688648057718947
XM_014741755.2;0.1688648057718947
XM_023645876.1;0.1688648057718947
XM_014741760.2;0.1688648057718947
XM_014741757.2;0.1688648057718947
XM_014741761.2;0.1688648057718947
XM_014741754.2;0.1688648057718947
XM_023645874.1;0.1688648057718947
XM_023645873.1;0.1688648057718947
XM_023645872.1;0.1688648057718947
XM_014741751.2;0.1688648057718947
XM_005612110.2;0.1688648057718947
XM_008524282.1;0.15879135274851314
XM_008524273.1;0.15879135274851314
XM_008524265.1;0.15879135274851314
XM_008524327.1;0.17236368447772554
XM_008524320.1;0.17236368447772554
XM_008524310.1;0.17236368447772554
XM_037146305.1;0.1914378929151018
XM_037146303.1;0.1914378929151018
XM_037146302.1;0.1914378929151018
XM_037139106.1;0.205707482738251
XM_037153872.1;0.19218552169072903
XM_037153871.1;0.19218552169072903
XM_037153870.1;0.19218552169072903
XM_039847885.1;0.18287198032769666
XM_039847884.1;0.18287198032769666
XM_039847883.1;0.18287198032769666
XM_035265597.1;0.16406735332658914
XM_035265596.1;0.16406735332658914
XM_017948079.3;0.17674310292653075
XM_009186758.4;0.17674310292653075
XM_010990565.2;0.16222191422775478
XM_031460184.1;0.16222191422775478
XM_010990566.2;0.16222191422775478
XM_031460183.1;0.16222191422775478
XM_019438039.1;0.1593032363313705
XM_043905723.1;0.16180924547002926
XM_043905712.1;0.16180924547002926
XM_043905681.1;0.1761205807660055
XM_043905668.1;0.16994683834798843
XM_043905658.1;0.16994683834798843
XM_043905650.1;0.16994683834798843
XM_043905641.1;0.16994683834798843
XM_020894764.1;0.1625172951632069
XM_020870712.1;0.17895483714909619
XM_008160442.2;0.18959703208542258
XM_028137637.1;0.17751660875790073
XM_028137636.1;0.17751660875790073
XM_028137635.1;0.17751660875790073
XM_028137634.1;0.17751660875790073
XM_028137631.1;0.1776554847110788
XM_028137629.1;0.1776554847110788
XM_028137628.1;0.1776554847110788
XM_028137627.1;0.1776554847110788
XM_028137626.1;0.1776554847110788
XM_045038021.1;0.20806923114390635
NM_001163659.1;0.32327902790104934
XM_003992869.5;0.15943995192139926
XM_019668424.1;0.1804970090745773
XM_019668423.1;0.1804970090745773
XM_019668422.1;0.1804970090745773
XM_019668421.1;0.1804970090745773
XM_019668420.1;0.1804970090745773
XM_019668419.1;0.1804970090745773
XM_019668417.1;0.1804970090745773
XM_019668434.1;0.17295587962454814
XM_019668433.1;0.17295587962454814
XM_019668432.1;0.17295587962454814
XM_012045175.1;0.1747766112313704
XM_012045172.1;0.17748437229778427
XM_012045171.1;0.17748437229778427
XM_032166801.1;0.1777511785716617
XM_032166800.1;0.1777511785716617
XM_032166799.1;0.1777511785716617
XM_032166798.1;0.1777511785716617
XM_032166797.1;0.1777511785716617
XM_032166796.1;0.1777511785716617
XM_032166795.1;0.1777511785716617
XM_032166793.1;0.17884952345743452
XM_005611916.3;0.15885659532688048
NM_001205193.1;0.15885659532688048
NM_001205192.1;0.15826574480338193
XM_023645866.1;0.1716533761453061
XM_023645865.1;0.1716533761453061
XM_001504451.5;0.16931317018099115
XM_023645861.1;0.16931317018099115
XM_005612092.3;0.16931317018099115
XM_023645860.1;0.16931317018099115
XM_011718797.1;0.17435187161072863
XM_010364544.1;0.16561040935137014
XM_030918049.1;0.16523665761236161
XM_018044698.1;0.18604219177224476
XM_003421418.3;0.16723244291819225
XM_010600940.2;0.16855824851545168
XM_023540605.1;0.21765728649451876
XM_023540604.1;0.21765728649451876
XM_023540603.1;0.21765728649451876
XM_023540602.1;0.21765728649451876
XM_034506210.1;0.20513435146466452
XM_034506202.1;0.20513435146466452
XM_036428091.1;0.17503588879930035
XM_036428090.1;0.17503588879930035
XM_036428089.1;0.17503588879930035
XM_036428084.1;0.17503588879930035
XM_036428088.1;0.17191253002040807
XM_036428087.1;0.1742772644218075
XM_036428086.1;0.17215807849451883
XM_036428083.1;0.1744523726944606
XM_036428113.1;0.16489887263224492
XM_036428112.1;0.16489887263224492
XM_036428111.1;0.16489887263224492
XM_036428109.1;0.19634210487306117
XM_036428108.1;0.19634210487306117
XM_036428104.2;0.18542579299317757
XM_036428105.1;0.18542579299317757
XM_036428104.1;0.18542579299317757
XM_036428103.1;0.18542579299317757
XM_036428102.1;0.18542579299317757
XM_036428106.1;0.18247637230507266
XM_036428101.1;0.18247637230507266
XM_036428100.1;0.18247637230507266
XM_036428099.1;0.18247637230507266
XM_036428098.1;0.18558710341650111
XM_036428097.1;0.18558155861411046
XM_036428096.1;0.18558155861411046
XM_036428095.1;0.18558155861411046
XM_036428149.1;0.19861626467720114
XM_038429412.1;0.16249806547568527
XM_038429411.1;0.16249806547568527
XM_025459244.2;0.16326384932338195
XM_029956374.1;0.16523834678297372
XM_023702124.1;0.1924473212803498
XM_023702123.1;0.1924473212803498
XM_031387707.1;0.17757949930909653
XM_031387709.1;0.2171759835110207
XM_025266520.2;0.1623353403423906
XM_025266519.2;0.1623353403423906
XM_025266520.1;0.1625052780059473
XM_025266519.1;0.1625052780059473
XM_025266516.2;0.17270692762104953
XM_025266516.1;0.17224557536571425
XM_044929442.1;0.17568637157924208
XM_006053580.3;0.17645306663341115
XM_004455009.3;0.17865504554641418
XM_019438033.1;0.2074401324651892
XM_021243267.1;0.22950190979860102
XM_013065032.2;0.22950190979860102
XM_021243265.1;0.22950190979860102
XM_021243263.1;0.17703151655795915
XM_021243262.1;0.17703151655795915
XM_004863365.3;0.17703151655795915
XM_023209626.1;0.1694532598772012
XM_004778998.2;0.17365269880303202
XM_004778996.3;0.1728532961034401
XM_004778997.3;0.1728532961034401
XM_004778995.3;0.1728532961034401
XM_013049242.1;0.1728532961034401
XM_004778996.2;0.1728532961034401
XM_004778997.2;0.1728532961034401
XM_004778995.2;0.1728532961034401
XM_013049245.1;0.17576218452915424
XM_004779006.2;0.17935760867288594
XM_004779003.2;0.16656066726565594
XM_013049244.1;0.16671211000250724
XM_004779002.2;0.16671211000250724
XM_004779001.2;0.16671211000250724
XM_004779000.2;0.16671211000250724
XM_013049246.1;0.18773913322618072
XM_004778999.2;0.18773913322618072
XM_025894365.1;0.15881729965393582
XM_028115961.1;0.15954838600903815
XM_017642436.2;0.16943579830314845
XM_017642435.2;0.16943579830314845
XM_037000977.1;0.18051482436792995
XM_037000976.1;0.18051482436792995
XM_037000975.1;0.18051482436792995
XM_037000974.1;0.18051482436792995
XM_017642434.2;0.18051482436792995
XM_032853286.1;0.17793314340530617
XM_032853282.1;0.16492768134466465
XM_032853280.1;0.16492768134466465
XM_032853292.1;0.19032392207096205
XM_045839492.1;0.15477624513498545
XM_045839502.1;0.17050602059953343
XM_045839495.1;0.18967311569253634
NM_001113396.1;0.17407577931521853
XM_009459767.3;0.1784685963165011
XM_009459766.3;0.1784685963165011
XM_015477544.1;0.19306897121440242
XM_015477543.1;0.19306897121440242
XM_015477549.1;0.19269738304069936
XM_027052639.1;0.20892845337871718
XM_040757300.1;0.1774393015343439
XM_040757292.1;0.1774393015343439
XM_040757281.1;0.1774393015343439
XM_021223711.2;0.1774393015343439
XM_015997717.2;0.1925195750137611
XM_015997716.2;0.1925195750137611
XM_006979024.3;0.1925195750137611
XM_032427055.1;0.18212433754991256
XM_032427063.1;0.16091153415918363
XM_032427062.1;0.16091153415918363
XM_032427061.1;0.16091153415918363
XM_032427060.1;0.16091153415918363
XM_038325497.1;0.18216329699189532
XM_005216140.4;0.1701995098869971
NM_001046461.2;0.1701995098869971
XM_010364548.2;0.170489382570204
XM_012456797.1;0.17748745311102063
XM_012456795.2;0.17739414266758
XM_012456794.2;0.17739414266758
XM_012456804.2;0.16817360695620975
XM_012456800.1;0.20864359259090337
XM_005578898.2;0.17430970716693878
XM_045371401.1;0.17437850636443125
XM_045371400.1;0.17437850636443125
XM_015435359.1;0.1882389582841981
NM_001205183.2;0.1608149700525947
XM_003254841.3;0.17908751218822183
XM_030828607.1;0.17917756408198243
XM_008564732.1;0.2509434016906704
XM_029562284.1;0.17472155420000013
XM_008830599.3;0.20028430531784272
XM_006203600.3;0.16252133059090354
XM_031681300.1;0.16252133059090354
XM_031681299.1;0.16252133059090354
XM_015238513.2;0.16252133059090354
XM_031681306.1;0.17172869967551016
XM_015238518.2;0.17172869967551016
XM_022522128.1;0.18024018398279884
XM_022522131.1;0.16883420417632666
NM_001113359.1;0.1744998673075215
XM_012095905.4;0.17954425135667607
XM_027979443.2;0.19592945008594753
XM_027942597.1;0.19329283469656003
XM_023512799.1;0.17070266175037885
XM_037840283.1;0.18611733616460638
XM_037522816.1;0.19533759329032074
XM_037522815.1;0.19533759329032074
XM_037522813.1;0.19533759329032074
XM_037522821.1;0.19213934977276992
XM_037522820.1;0.19213934977276992
XM_004389072.2;0.1704210029447813
XM_023743010.1;0.1704210029447813
XM_023743014.1;0.18308760416274084
XM_023743013.1;0.18308760416274084
XM_004389073.2;0.18308760416274084
XM_040963934.1;0.21263298558297364
XM_025988419.1;0.16343833399935875
XM_036325201.1;0.1907009974608163
XM_036325213.1;0.18165967032618066
XM_027580390.2;0.15887624548244897
XM_027580395.2;0.16303043481690968
XM_011233425.3;0.16377258417941687
XM_037051562.1;0.19473781767049547
XM_037035519.1;0.16529161247766752
XM_037035518.1;0.16529161247766752
XM_037035517.1;0.16529161247766752
XM_037051568.1;0.19383179028419806
XM_037051567.1;0.19383179028419806
XM_037051566.1;0.19383179028419806
XM_037051565.1;0.19383179028419806
XM_039223769.1;0.1641978695274635
XM_039223768.1;0.1641978695274635
XM_039223767.1;0.1641978695274635
XM_039223766.1;0.1641978695274635
XM_027765714.1;0.17749043283521868
XM_006161949.3;0.17749043283521868
XM_014593297.2;0.16415162583825058
XM_014782348.1;0.20220073942676367
XM_020165120.1;0.17233679831673462
XM_029540879.1;0.220571334399417
XM_021196522.1;0.19890380979276975
XM_045509871.1;0.16631187898758046
XM_010945976.1;0.16631187898758046
XM_010964980.1;0.1750278426550438
XM_045509865.1;0.1622977632031484
XM_045509864.1;0.1622977632031484
XM_010945975.2;0.1622977632031484
XM_045509863.1;0.1622977632031484
XM_010972031.1;0.23273579004816308
XM_040461380.1;0.20874743583924185
XM_012786600.1;0.17282313024641374
XM_012786599.1;0.17282313024641374
NM_001105673.1;0.19479829799667614
XM_023758767.1;0.1779154188297377
XM_023758765.1;0.1779154188297377
XM_014460753.2;0.19060250039918375
XM_014449718.2;0.1845712286828569
XM_016215031.1;0.16146332168781374
XM_010635394.3;0.1820201209832071
XM_010635383.3;0.1820201209832071
XM_010635382.3;0.1820201209832071
XM_027407918.2;0.1948563589770841
XM_027407917.2;0.1948563589770841
XM_027407915.2;0.18217085739591832
XM_027407913.2;0.18217085739591832
XM_041730639.1;0.18498293879306113
XM_041730638.1;0.18498293879306113
XM_041730637.1;0.18498293879306113
XM_041730494.1;0.16307657290839667
XM_041730492.1;0.16089902480157417
XM_041730490.1;0.17237939532658914
XM_019037085.2;0.17461316764134105
XM_004050562.3;0.17461316764134105
XM_019035662.2;0.17594911071935868
XM_019035661.2;0.17594911071935868
XM_044258695.1;0.16671932648938792
XM_044258694.1;0.16671932648938792
XM_044258688.1;0.1706579521158603
